Date,Year,Month,MonthName,MonthShort,Quarter,DayOfMonth,DayOfWeek,DayOfWeekName,DayOfWeekShort,IsWeekend
2024-01-01,2024,1,January,Jan,Q1,1,1,Monday,Mon,0
2024-01-02,2024,1,January,Jan,Q1,2,2,Tuesday,Tue,0
2024-01-03,2024,1,January,Jan,Q1,3,3,Wednesday,Wed,0
2024-01-04,2024,1,January,Jan,Q1,4,4,Thursday,Thu,0
2024-01-05,2024,1,January,Jan,Q1,5,5,Friday,Fri,0
2024-01-06,2024,1,January,Jan,Q1,6,6,Saturday,Sat,1
2024-01-07,2024,1,January,Jan,Q1,7,7,Sunday,Sun,1
2024-01-08,2024,1,January,Jan,Q1,8,1,Monday,Mon,0
2024-01-09,2024,1,January,Jan,Q1,9,2,Tuesday,Tue,0
2024-01-10,2024,1,January,Jan,Q1,10,3,Wednesday,Wed,0
2024-01-11,2024,1,January,Jan,Q1,11,4,Thursday,Thu,0
2024-01-12,2024,1,January,Jan,Q1,12,5,Friday,Fri,0
2024-01-13,2024,1,January,Jan,Q1,13,6,Saturday,Sat,1
2024-01-14,2024,1,January,Jan,Q1,14,7,Sunday,Sun,1
2024-01-15,2024,1,January,Jan,Q1,15,1,Monday,Mon,0
2024-01-16,2024,1,January,Jan,Q1,16,2,Tuesday,Tue,0
2024-01-17,2024,1,January,Jan,Q1,17,3,Wednesday,Wed,0
2024-01-18,2024,1,January,Jan,Q1,18,4,Thursday,Thu,0
2024-01-19,2024,1,January,Jan,Q1,19,5,Friday,Fri,0
2024-01-20,2024,1,January,Jan,Q1,20,6,Saturday,Sat,1
2024-01-21,2024,1,January,Jan,Q1,21,7,Sunday,Sun,1
2024-01-22,2024,1,January,Jan,Q1,22,1,Monday,Mon,0
2024-01-23,2024,1,January,Jan,Q1,23,2,Tuesday,Tue,0
2024-01-24,2024,1,January,Jan,Q1,24,3,Wednesday,Wed,0
2024-01-25,2024,1,January,Jan,Q1,25,4,Thursday,Thu,0
2024-01-26,2024,1,January,Jan,Q1,26,5,Friday,Fri,0
2024-01-27,2024,1,January,Jan,Q1,27,6,Saturday,Sat,1
2024-01-28,2024,1,January,Jan,Q1,28,7,Sunday,Sun,1
2024-01-29,2024,1,January,Jan,Q1,29,1,Monday,Mon,0
2024-01-30,2024,1,January,Jan,Q1,30,2,Tuesday,Tue,0
2024-01-31,2024,1,January,Jan,Q1,31,3,Wednesday,Wed,0
2024-02-01,2024,2,February,Feb,Q1,1,4,Thursday,Thu,0
2024-02-02,2024,2,February,Feb,Q1,2,5,Friday,Fri,0
2024-02-03,2024,2,February,Feb,Q1,3,6,Saturday,Sat,1
2024-02-04,2024,2,February,Feb,Q1,4,7,Sunday,Sun,1
2024-02-05,2024,2,February,Feb,Q1,5,1,Monday,Mon,0
2024-02-06,2024,2,February,Feb,Q1,6,2,Tuesday,Tue,0
2024-02-07,2024,2,February,Feb,Q1,7,3,Wednesday,Wed,0
2024-02-08,2024,2,February,Feb,Q1,8,4,Thursday,Thu,0
2024-02-09,2024,2,February,Feb,Q1,9,5,Friday,Fri,0
2024-02-10,2024,2,February,Feb,Q1,10,6,Saturday,Sat,1
2024-02-11,2024,2,February,Feb,Q1,11,7,Sunday,Sun,1
2024-02-12,2024,2,February,Feb,Q1,12,1,Monday,Mon,0
2024-02-13,2024,2,February,Feb,Q1,13,2,Tuesday,Tue,0
2024-02-14,2024,2,February,Feb,Q1,14,3,Wednesday,Wed,0
2024-02-15,2024,2,February,Feb,Q1,15,4,Thursday,Thu,0
2024-02-16,2024,2,February,Feb,Q1,16,5,Friday,Fri,0
2024-02-17,2024,2,February,Feb,Q1,17,6,Saturday,Sat,1
2024-02-18,2024,2,February,Feb,Q1,18,7,Sunday,Sun,1
2024-02-19,2024,2,February,Feb,Q1,19,1,Monday,Mon,0
2024-02-20,2024,2,February,Feb,Q1,20,2,Tuesday,Tue,0
2024-02-21,2024,2,February,Feb,Q1,21,3,Wednesday,Wed,0
2024-02-22,2024,2,February,Feb,Q1,22,4,Thursday,Thu,0
2024-02-23,2024,2,February,Feb,Q1,23,5,Friday,Fri,0
2024-02-24,2024,2,February,Feb,Q1,24,6,Saturday,Sat,1
2024-02-25,2024,2,February,Feb,Q1,25,7,Sunday,Sun,1
2024-02-26,2024,2,February,Feb,Q1,26,1,Monday,Mon,0
2024-02-27,2024,2,February,Feb,Q1,27,2,Tuesday,Tue,0
2024-02-28,2024,2,February,Feb,Q1,28,3,Wednesday,Wed,0
2024-02-29,2024,2,February,Feb,Q1,29,4,Thursday,Thu,0
2024-03-01,2024,3,March,Mar,Q1,1,5,Friday,Fri,0
2024-03-02,2024,3,March,Mar,Q1,2,6,Saturday,Sat,1
2024-03-03,2024,3,March,Mar,Q1,3,7,Sunday,Sun,1
2024-03-04,2024,3,March,Mar,Q1,4,1,Monday,Mon,0
2024-03-05,2024,3,March,Mar,Q1,5,2,Tuesday,Tue,0
2024-03-06,2024,3,March,Mar,Q1,6,3,Wednesday,Wed,0
2024-03-07,2024,3,March,Mar,Q1,7,4,Thursday,Thu,0
2024-03-08,2024,3,March,Mar,Q1,8,5,Friday,Fri,0
2024-03-09,2024,3,March,Mar,Q1,9,6,Saturday,Sat,1
2024-03-10,2024,3,March,Mar,Q1,10,7,Sunday,Sun,1
2024-03-11,2024,3,March,Mar,Q1,11,1,Monday,Mon,0
2024-03-12,2024,3,March,Mar,Q1,12,2,Tuesday,Tue,0
2024-03-13,2024,3,March,Mar,Q1,13,3,Wednesday,Wed,0
2024-03-14,2024,3,March,Mar,Q1,14,4,Thursday,Thu,0
2024-03-15,2024,3,March,Mar,Q1,15,5,Friday,Fri,0
2024-03-16,2024,3,March,Mar,Q1,16,6,Saturday,Sat,1
2024-03-17,2024,3,March,Mar,Q1,17,7,Sunday,Sun,1
2024-03-18,2024,3,March,Mar,Q1,18,1,Monday,Mon,0
2024-03-19,2024,3,March,Mar,Q1,19,2,Tuesday,Tue,0
2024-03-20,2024,3,March,Mar,Q1,20,3,Wednesday,Wed,0
2024-03-21,2024,3,March,Mar,Q1,21,4,Thursday,Thu,0
2024-03-22,2024,3,March,Mar,Q1,22,5,Friday,Fri,0
2024-03-23,2024,3,March,Mar,Q1,23,6,Saturday,Sat,1
2024-03-24,2024,3,March,Mar,Q1,24,7,Sunday,Sun,1
2024-03-25,2024,3,March,Mar,Q1,25,1,Monday,Mon,0
2024-03-26,2024,3,March,Mar,Q1,26,2,Tuesday,Tue,0
2024-03-27,2024,3,March,Mar,Q1,27,3,Wednesday,Wed,0
2024-03-28,2024,3,March,Mar,Q1,28,4,Thursday,Thu,0
2024-03-29,2024,3,March,Mar,Q1,29,5,Friday,Fri,0
2024-03-30,2024,3,March,Mar,Q1,30,6,Saturday,Sat,1
2024-03-31,2024,3,March,Mar,Q1,31,7,Sunday,Sun,1
2024-04-01,2024,4,April,Apr,Q2,1,1,Monday,Mon,0
2024-04-02,2024,4,April,Apr,Q2,2,2,Tuesday,Tue,0
2024-04-03,2024,4,April,Apr,Q2,3,3,Wednesday,Wed,0
2024-04-04,2024,4,April,Apr,Q2,4,4,Thursday,Thu,0
2024-04-05,2024,4,April,Apr,Q2,5,5,Friday,Fri,0
2024-04-06,2024,4,April,Apr,Q2,6,6,Saturday,Sat,1
2024-04-07,2024,4,April,Apr,Q2,7,7,Sunday,Sun,1
2024-04-08,2024,4,April,Apr,Q2,8,1,Monday,Mon,0
2024-04-09,2024,4,April,Apr,Q2,9,2,Tuesday,Tue,0
2024-04-10,2024,4,April,Apr,Q2,10,3,Wednesday,Wed,0
2024-04-11,2024,4,April,Apr,Q2,11,4,Thursday,Thu,0
2024-04-12,2024,4,April,Apr,Q2,12,5,Friday,Fri,0
2024-04-13,2024,4,April,Apr,Q2,13,6,Saturday,Sat,1
2024-04-14,2024,4,April,Apr,Q2,14,7,Sunday,Sun,1
2024-04-15,2024,4,April,Apr,Q2,15,1,Monday,Mon,0
2024-04-16,2024,4,April,Apr,Q2,16,2,Tuesday,Tue,0
2024-04-17,2024,4,April,Apr,Q2,17,3,Wednesday,Wed,0
2024-04-18,2024,4,April,Apr,Q2,18,4,Thursday,Thu,0
2024-04-19,2024,4,April,Apr,Q2,19,5,Friday,Fri,0
2024-04-20,2024,4,April,Apr,Q2,20,6,Saturday,Sat,1
2024-04-21,2024,4,April,Apr,Q2,21,7,Sunday,Sun,1
2024-04-22,2024,4,April,Apr,Q2,22,1,Monday,Mon,0
2024-04-23,2024,4,April,Apr,Q2,23,2,Tuesday,Tue,0
2024-04-24,2024,4,April,Apr,Q2,24,3,Wednesday,Wed,0
2024-04-25,2024,4,April,Apr,Q2,25,4,Thursday,Thu,0
2024-04-26,2024,4,April,Apr,Q2,26,5,Friday,Fri,0
2024-04-27,2024,4,April,Apr,Q2,27,6,Saturday,Sat,1
2024-04-28,2024,4,April,Apr,Q2,28,7,Sunday,Sun,1
2024-04-29,2024,4,April,Apr,Q2,29,1,Monday,Mon,0
2024-04-30,2024,4,April,Apr,Q2,30,2,Tuesday,Tue,0
2024-05-01,2024,5,May,May,Q2,1,3,Wednesday,Wed,0
2024-05-02,2024,5,May,May,Q2,2,4,Thursday,Thu,0
2024-05-03,2024,5,May,May,Q2,3,5,Friday,Fri,0
2024-05-04,2024,5,May,May,Q2,4,6,Saturday,Sat,1
2024-05-05,2024,5,May,May,Q2,5,7,Sunday,Sun,1
2024-05-06,2024,5,May,May,Q2,6,1,Monday,Mon,0
2024-05-07,2024,5,May,May,Q2,7,2,Tuesday,Tue,0
2024-05-08,2024,5,May,May,Q2,8,3,Wednesday,Wed,0
2024-05-09,2024,5,May,May,Q2,9,4,Thursday,Thu,0
2024-05-10,2024,5,May,May,Q2,10,5,Friday,Fri,0
2024-05-11,2024,5,May,May,Q2,11,6,Saturday,Sat,1
2024-05-12,2024,5,May,May,Q2,12,7,Sunday,Sun,1
2024-05-13,2024,5,May,May,Q2,13,1,Monday,Mon,0
2024-05-14,2024,5,May,May,Q2,14,2,Tuesday,Tue,0
2024-05-15,2024,5,May,May,Q2,15,3,Wednesday,Wed,0
2024-05-16,2024,5,May,May,Q2,16,4,Thursday,Thu,0
2024-05-17,2024,5,May,May,Q2,17,5,Friday,Fri,0
2024-05-18,2024,5,May,May,Q2,18,6,Saturday,Sat,1
2024-05-19,2024,5,May,May,Q2,19,7,Sunday,Sun,1
2024-05-20,2024,5,May,May,Q2,20,1,Monday,Mon,0
2024-05-21,2024,5,May,May,Q2,21,2,Tuesday,Tue,0
2024-05-22,2024,5,May,May,Q2,22,3,Wednesday,Wed,0
2024-05-23,2024,5,May,May,Q2,23,4,Thursday,Thu,0
2024-05-24,2024,5,May,May,Q2,24,5,Friday,Fri,0
2024-05-25,2024,5,May,May,Q2,25,6,Saturday,Sat,1
2024-05-26,2024,5,May,May,Q2,26,7,Sunday,Sun,1
2024-05-27,2024,5,May,May,Q2,27,1,Monday,Mon,0
2024-05-28,2024,5,May,May,Q2,28,2,Tuesday,Tue,0
2024-05-29,2024,5,May,May,Q2,29,3,Wednesday,Wed,0
2024-05-30,2024,5,May,May,Q2,30,4,Thursday,Thu,0
2024-05-31,2024,5,May,May,Q2,31,5,Friday,Fri,0
2024-06-01,2024,6,June,Jun,Q2,1,6,Saturday,Sat,1
2024-06-02,2024,6,June,Jun,Q2,2,7,Sunday,Sun,1
2024-06-03,2024,6,June,Jun,Q2,3,1,Monday,Mon,0
2024-06-04,2024,6,June,Jun,Q2,4,2,Tuesday,Tue,0
2024-06-05,2024,6,June,Jun,Q2,5,3,Wednesday,Wed,0
2024-06-06,2024,6,June,Jun,Q2,6,4,Thursday,Thu,0
2024-06-07,2024,6,June,Jun,Q2,7,5,Friday,Fri,0
2024-06-08,2024,6,June,Jun,Q2,8,6,Saturday,Sat,1
2024-06-09,2024,6,June,Jun,Q2,9,7,Sunday,Sun,1
2024-06-10,2024,6,June,Jun,Q2,10,1,Monday,Mon,0
2024-06-11,2024,6,June,Jun,Q2,11,2,Tuesday,Tue,0
2024-06-12,2024,6,June,Jun,Q2,12,3,Wednesday,Wed,0
2024-06-13,2024,6,June,Jun,Q2,13,4,Thursday,Thu,0
2024-06-14,2024,6,June,Jun,Q2,14,5,Friday,Fri,0
2024-06-15,2024,6,June,Jun,Q2,15,6,Saturday,Sat,1
2024-06-16,2024,6,June,Jun,Q2,16,7,Sunday,Sun,1
2024-06-17,2024,6,June,Jun,Q2,17,1,Monday,Mon,0
2024-06-18,2024,6,June,Jun,Q2,18,2,Tuesday,Tue,0
2024-06-19,2024,6,June,Jun,Q2,19,3,Wednesday,Wed,0
2024-06-20,2024,6,June,Jun,Q2,20,4,Thursday,Thu,0
2024-06-21,2024,6,June,Jun,Q2,21,5,Friday,Fri,0
2024-06-22,2024,6,June,Jun,Q2,22,6,Saturday,Sat,1
2024-06-23,2024,6,June,Jun,Q2,23,7,Sunday,Sun,1
2024-06-24,2024,6,June,Jun,Q2,24,1,Monday,Mon,0
2024-06-25,2024,6,June,Jun,Q2,25,2,Tuesday,Tue,0
2024-06-26,2024,6,June,Jun,Q2,26,3,Wednesday,Wed,0
2024-06-27,2024,6,June,Jun,Q2,27,4,Thursday,Thu,0
2024-06-28,2024,6,June,Jun,Q2,28,5,Friday,Fri,0
2024-06-29,2024,6,June,Jun,Q2,29,6,Saturday,Sat,1
2024-06-30,2024,6,June,Jun,Q2,30,7,Sunday,Sun,1
2024-07-01,2024,7,July,Jul,Q3,1,1,Monday,Mon,0
2024-07-02,2024,7,July,Jul,Q3,2,2,Tuesday,Tue,0
2024-07-03,2024,7,July,Jul,Q3,3,3,Wednesday,Wed,0
2024-07-04,2024,7,July,Jul,Q3,4,4,Thursday,Thu,0
2024-07-05,2024,7,July,Jul,Q3,5,5,Friday,Fri,0
2024-07-06,2024,7,July,Jul,Q3,6,6,Saturday,Sat,1
2024-07-07,2024,7,July,Jul,Q3,7,7,Sunday,Sun,1
2024-07-08,2024,7,July,Jul,Q3,8,1,Monday,Mon,0
2024-07-09,2024,7,July,Jul,Q3,9,2,Tuesday,Tue,0
2024-07-10,2024,7,July,Jul,Q3,10,3,Wednesday,Wed,0
2024-07-11,2024,7,July,Jul,Q3,11,4,Thursday,Thu,0
2024-07-12,2024,7,July,Jul,Q3,12,5,Friday,Fri,0
2024-07-13,2024,7,July,Jul,Q3,13,6,Saturday,Sat,1
2024-07-14,2024,7,July,Jul,Q3,14,7,Sunday,Sun,1
2024-07-15,2024,7,July,Jul,Q3,15,1,Monday,Mon,0
2024-07-16,2024,7,July,Jul,Q3,16,2,Tuesday,Tue,0
2024-07-17,2024,7,July,Jul,Q3,17,3,Wednesday,Wed,0
2024-07-18,2024,7,July,Jul,Q3,18,4,Thursday,Thu,0
2024-07-19,2024,7,July,Jul,Q3,19,5,Friday,Fri,0
2024-07-20,2024,7,July,Jul,Q3,20,6,Saturday,Sat,1
2024-07-21,2024,7,July,Jul,Q3,21,7,Sunday,Sun,1
2024-07-22,2024,7,July,Jul,Q3,22,1,Monday,Mon,0
2024-07-23,2024,7,July,Jul,Q3,23,2,Tuesday,Tue,0
2024-07-24,2024,7,July,Jul,Q3,24,3,Wednesday,Wed,0
2024-07-25,2024,7,July,Jul,Q3,25,4,Thursday,Thu,0
2024-07-26,2024,7,July,Jul,Q3,26,5,Friday,Fri,0
2024-07-27,2024,7,July,Jul,Q3,27,6,Saturday,Sat,1
2024-07-28,2024,7,July,Jul,Q3,28,7,Sunday,Sun,1
2024-07-29,2024,7,July,Jul,Q3,29,1,Monday,Mon,0
2024-07-30,2024,7,July,Jul,Q3,30,2,Tuesday,Tue,0
2024-07-31,2024,7,July,Jul,Q3,31,3,Wednesday,Wed,0
2024-08-01,2024,8,August,Aug,Q3,1,4,Thursday,Thu,0
2024-08-02,2024,8,August,Aug,Q3,2,5,Friday,Fri,0
2024-08-03,2024,8,August,Aug,Q3,3,6,Saturday,Sat,1
2024-08-04,2024,8,August,Aug,Q3,4,7,Sunday,Sun,1
2024-08-05,2024,8,August,Aug,Q3,5,1,Monday,Mon,0
2024-08-06,2024,8,August,Aug,Q3,6,2,Tuesday,Tue,0
2024-08-07,2024,8,August,Aug,Q3,7,3,Wednesday,Wed,0
2024-08-08,2024,8,August,Aug,Q3,8,4,Thursday,Thu,0
2024-08-09,2024,8,August,Aug,Q3,9,5,Friday,Fri,0
2024-08-10,2024,8,August,Aug,Q3,10,6,Saturday,Sat,1
2024-08-11,2024,8,August,Aug,Q3,11,7,Sunday,Sun,1
2024-08-12,2024,8,August,Aug,Q3,12,1,Monday,Mon,0
2024-08-13,2024,8,August,Aug,Q3,13,2,Tuesday,Tue,0
2024-08-14,2024,8,August,Aug,Q3,14,3,Wednesday,Wed,0
2024-08-15,2024,8,August,Aug,Q3,15,4,Thursday,Thu,0
2024-08-16,2024,8,August,Aug,Q3,16,5,Friday,Fri,0
2024-08-17,2024,8,August,Aug,Q3,17,6,Saturday,Sat,1
2024-08-18,2024,8,August,Aug,Q3,18,7,Sunday,Sun,1
2024-08-19,2024,8,August,Aug,Q3,19,1,Monday,Mon,0
2024-08-20,2024,8,August,Aug,Q3,20,2,Tuesday,Tue,0
2024-08-21,2024,8,August,Aug,Q3,21,3,Wednesday,Wed,0
2024-08-22,2024,8,August,Aug,Q3,22,4,Thursday,Thu,0
2024-08-23,2024,8,August,Aug,Q3,23,5,Friday,Fri,0
2024-08-24,2024,8,August,Aug,Q3,24,6,Saturday,Sat,1
2024-08-25,2024,8,August,Aug,Q3,25,7,Sunday,Sun,1
2024-08-26,2024,8,August,Aug,Q3,26,1,Monday,Mon,0
2024-08-27,2024,8,August,Aug,Q3,27,2,Tuesday,Tue,0
2024-08-28,2024,8,August,Aug,Q3,28,3,Wednesday,Wed,0
2024-08-29,2024,8,August,Aug,Q3,29,4,Thursday,Thu,0
2024-08-30,2024,8,August,Aug,Q3,30,5,Friday,Fri,0
2024-08-31,2024,8,August,Aug,Q3,31,6,Saturday,Sat,1
2024-09-01,2024,9,September,Sep,Q3,1,7,Sunday,Sun,1
2024-09-02,2024,9,September,Sep,Q3,2,1,Monday,Mon,0
2024-09-03,2024,9,September,Sep,Q3,3,2,Tuesday,Tue,0
2024-09-04,2024,9,September,Sep,Q3,4,3,Wednesday,Wed,0
2024-09-05,2024,9,September,Sep,Q3,5,4,Thursday,Thu,0
2024-09-06,2024,9,September,Sep,Q3,6,5,Friday,Fri,0
2024-09-07,2024,9,September,Sep,Q3,7,6,Saturday,Sat,1
2024-09-08,2024,9,September,Sep,Q3,8,7,Sunday,Sun,1
2024-09-09,2024,9,September,Sep,Q3,9,1,Monday,Mon,0
2024-09-10,2024,9,September,Sep,Q3,10,2,Tuesday,Tue,0
2024-09-11,2024,9,September,Sep,Q3,11,3,Wednesday,Wed,0
2024-09-12,2024,9,September,Sep,Q3,12,4,Thursday,Thu,0
2024-09-13,2024,9,September,Sep,Q3,13,5,Friday,Fri,0
2024-09-14,2024,9,September,Sep,Q3,14,6,Saturday,Sat,1
2024-09-15,2024,9,September,Sep,Q3,15,7,Sunday,Sun,1
2024-09-16,2024,9,September,Sep,Q3,16,1,Monday,Mon,0
2024-09-17,2024,9,September,Sep,Q3,17,2,Tuesday,Tue,0
2024-09-18,2024,9,September,Sep,Q3,18,3,Wednesday,Wed,0
2024-09-19,2024,9,September,Sep,Q3,19,4,Thursday,Thu,0
2024-09-20,2024,9,September,Sep,Q3,20,5,Friday,Fri,0
2024-09-21,2024,9,September,Sep,Q3,21,6,Saturday,Sat,1
2024-09-22,2024,9,September,Sep,Q3,22,7,Sunday,Sun,1
2024-09-23,2024,9,September,Sep,Q3,23,1,Monday,Mon,0
2024-09-24,2024,9,September,Sep,Q3,24,2,Tuesday,Tue,0
2024-09-25,2024,9,September,Sep,Q3,25,3,Wednesday,Wed,0
2024-09-26,2024,9,September,Sep,Q3,26,4,Thursday,Thu,0
2024-09-27,2024,9,September,Sep,Q3,27,5,Friday,Fri,0
2024-09-28,2024,9,September,Sep,Q3,28,6,Saturday,Sat,1
2024-09-29,2024,9,September,Sep,Q3,29,7,Sunday,Sun,1
2024-09-30,2024,9,September,Sep,Q3,30,1,Monday,Mon,0
2024-10-01,2024,10,October,Oct,Q4,1,2,Tuesday,Tue,0
2024-10-02,2024,10,October,Oct,Q4,2,3,Wednesday,Wed,0
2024-10-03,2024,10,October,Oct,Q4,3,4,Thursday,Thu,0
2024-10-04,2024,10,October,Oct,Q4,4,5,Friday,Fri,0
2024-10-05,2024,10,October,Oct,Q4,5,6,Saturday,Sat,1
2024-10-06,2024,10,October,Oct,Q4,6,7,Sunday,Sun,1
2024-10-07,2024,10,October,Oct,Q4,7,1,Monday,Mon,0
2024-10-08,2024,10,October,Oct,Q4,8,2,Tuesday,Tue,0
2024-10-09,2024,10,October,Oct,Q4,9,3,Wednesday,Wed,0
2024-10-10,2024,10,October,Oct,Q4,10,4,Thursday,Thu,0
2024-10-11,2024,10,October,Oct,Q4,11,5,Friday,Fri,0
2024-10-12,2024,10,October,Oct,Q4,12,6,Saturday,Sat,1
2024-10-13,2024,10,October,Oct,Q4,13,7,Sunday,Sun,1
2024-10-14,2024,10,October,Oct,Q4,14,1,Monday,Mon,0
2024-10-15,2024,10,October,Oct,Q4,15,2,Tuesday,Tue,0
2024-10-16,2024,10,October,Oct,Q4,16,3,Wednesday,Wed,0
2024-10-17,2024,10,October,Oct,Q4,17,4,Thursday,Thu,0
2024-10-18,2024,10,October,Oct,Q4,18,5,Friday,Fri,0
2024-10-19,2024,10,October,Oct,Q4,19,6,Saturday,Sat,1
2024-10-20,2024,10,October,Oct,Q4,20,7,Sunday,Sun,1
2024-10-21,2024,10,October,Oct,Q4,21,1,Monday,Mon,0
2024-10-22,2024,10,October,Oct,Q4,22,2,Tuesday,Tue,0
2024-10-23,2024,10,October,Oct,Q4,23,3,Wednesday,Wed,0
2024-10-24,2024,10,October,Oct,Q4,24,4,Thursday,Thu,0
2024-10-25,2024,10,October,Oct,Q4,25,5,Friday,Fri,0
2024-10-26,2024,10,October,Oct,Q4,26,6,Saturday,Sat,1
2024-10-27,2024,10,October,Oct,Q4,27,7,Sunday,Sun,1
2024-10-28,2024,10,October,Oct,Q4,28,1,Monday,Mon,0
2024-10-29,2024,10,October,Oct,Q4,29,2,Tuesday,Tue,0
2024-10-30,2024,10,October,Oct,Q4,30,3,Wednesday,Wed,0
2024-10-31,2024,10,October,Oct,Q4,31,4,Thursday,Thu,0
2024-11-01,2024,11,November,Nov,Q4,1,5,Friday,Fri,0
2024-11-02,2024,11,November,Nov,Q4,2,6,Saturday,Sat,1
2024-11-03,2024,11,November,Nov,Q4,3,7,Sunday,Sun,1
2024-11-04,2024,11,November,Nov,Q4,4,1,Monday,Mon,0
2024-11-05,2024,11,November,Nov,Q4,5,2,Tuesday,Tue,0
2024-11-06,2024,11,November,Nov,Q4,6,3,Wednesday,Wed,0
2024-11-07,2024,11,November,Nov,Q4,7,4,Thursday,Thu,0
2024-11-08,2024,11,November,Nov,Q4,8,5,Friday,Fri,0
2024-11-09,2024,11,November,Nov,Q4,9,6,Saturday,Sat,1
2024-11-10,2024,11,November,Nov,Q4,10,7,Sunday,Sun,1
2024-11-11,2024,11,November,Nov,Q4,11,1,Monday,Mon,0
2024-11-12,2024,11,November,Nov,Q4,12,2,Tuesday,Tue,0
2024-11-13,2024,11,November,Nov,Q4,13,3,Wednesday,Wed,0
2024-11-14,2024,11,November,Nov,Q4,14,4,Thursday,Thu,0
2024-11-15,2024,11,November,Nov,Q4,15,5,Friday,Fri,0
2024-11-16,2024,11,November,Nov,Q4,16,6,Saturday,Sat,1
2024-11-17,2024,11,November,Nov,Q4,17,7,Sunday,Sun,1
2024-11-18,2024,11,November,Nov,Q4,18,1,Monday,Mon,0
2024-11-19,2024,11,November,Nov,Q4,19,2,Tuesday,Tue,0
2024-11-20,2024,11,November,Nov,Q4,20,3,Wednesday,Wed,0
2024-11-21,2024,11,November,Nov,Q4,21,4,Thursday,Thu,0
2024-11-22,2024,11,November,Nov,Q4,22,5,Friday,Fri,0
2024-11-23,2024,11,November,Nov,Q4,23,6,Saturday,Sat,1
2024-11-24,2024,11,November,Nov,Q4,24,7,Sunday,Sun,1
2024-11-25,2024,11,November,Nov,Q4,25,1,Monday,Mon,0
2024-11-26,2024,11,November,Nov,Q4,26,2,Tuesday,Tue,0
2024-11-27,2024,11,November,Nov,Q4,27,3,Wednesday,Wed,0
2024-11-28,2024,11,November,Nov,Q4,28,4,Thursday,Thu,0
2024-11-29,2024,11,November,Nov,Q4,29,5,Friday,Fri,0
2024-11-30,2024,11,November,Nov,Q4,30,6,Saturday,Sat,1
2024-12-01,2024,12,December,Dec,Q4,1,7,Sunday,Sun,1
2024-12-02,2024,12,December,Dec,Q4,2,1,Monday,Mon,0
2024-12-03,2024,12,December,Dec,Q4,3,2,Tuesday,Tue,0
2024-12-04,2024,12,December,Dec,Q4,4,3,Wednesday,Wed,0
2024-12-05,2024,12,December,Dec,Q4,5,4,Thursday,Thu,0
2024-12-06,2024,12,December,Dec,Q4,6,5,Friday,Fri,0
2024-12-07,2024,12,December,Dec,Q4,7,6,Saturday,Sat,1
2024-12-08,2024,12,December,Dec,Q4,8,7,Sunday,Sun,1
2024-12-09,2024,12,December,Dec,Q4,9,1,Monday,Mon,0
2024-12-10,2024,12,December,Dec,Q4,10,2,Tuesday,Tue,0
2024-12-11,2024,12,December,Dec,Q4,11,3,Wednesday,Wed,0
2024-12-12,2024,12,December,Dec,Q4,12,4,Thursday,Thu,0
2024-12-13,2024,12,December,Dec,Q4,13,5,Friday,Fri,0
2024-12-14,2024,12,December,Dec,Q4,14,6,Saturday,Sat,1
2024-12-15,2024,12,December,Dec,Q4,15,7,Sunday,Sun,1
2024-12-16,2024,12,December,Dec,Q4,16,1,Monday,Mon,0
2024-12-17,2024,12,December,Dec,Q4,17,2,Tuesday,Tue,0
2024-12-18,2024,12,December,Dec,Q4,18,3,Wednesday,Wed,0
2024-12-19,2024,12,December,Dec,Q4,19,4,Thursday,Thu,0
2024-12-20,2024,12,December,Dec,Q4,20,5,Friday,Fri,0
2024-12-21,2024,12,December,Dec,Q4,21,6,Saturday,Sat,1
2024-12-22,2024,12,December,Dec,Q4,22,7,Sunday,Sun,1
2024-12-23,2024,12,December,Dec,Q4,23,1,Monday,Mon,0
2024-12-24,2024,12,December,Dec,Q4,24,2,Tuesday,Tue,0
2024-12-25,2024,12,December,Dec,Q4,25,3,Wednesday,Wed,0
2024-12-26,2024,12,December,Dec,Q4,26,4,Thursday,Thu,0
2024-12-27,2024,12,December,Dec,Q4,27,5,Friday,Fri,0
2024-12-28,2024,12,December,Dec,Q4,28,6,Saturday,Sat,1
2024-12-29,2024,12,December,Dec,Q4,29,7,Sunday,Sun,1
2024-12-30,2024,12,December,Dec,Q4,30,1,Monday,Mon,0
2024-12-31,2024,12,December,Dec,Q4,31,2,Tuesday,Tue,0
